اليوم,نوع المحتوى,هوك,الكابشن الطويل + CTA,أفكار التصميم
الأسبوع 1 - اليوم 1,فيديو,إذا تضيع وقتك بالحسابات اليدوية… جرّب هذا 👇,"كم مرة جلست تحسب أرقامك يدوي؟ ترى إكسل عنده حل أسرع 😮‍💨
1️⃣ SUM = المجموع
2️⃣ AVERAGE = المتوسط
3️⃣ MAX = أكبر قيمة
4️⃣ MIN = أصغر قيمة
🚀 هذي الخطوات تختصر ساعات شغل.
✨ تبغى تتعلم الأساسيات كلها في 14 صفحة بس؟
أكتب كلمة ""إكسل"" بالكومنت وأرسل لك الرابط 💌",نص متحرك + موسيقى ترند + خلفية بسيطة (ألوان متناسقة)
الأسبوع 1 - اليوم 1,فيديو,إذا مستندك يطلع شكله عشوائي… هذا هو السبب 👇,"مستند غير منسق = انطباع سيء حتى لو المحتوى قوي.
جرب كذا:
1️⃣ خط واضح مثل Arial
2️⃣ محاذاة ضبط Ctrl+J
3️⃣ عناوين فرعية بخط عريض
4️⃣ قوائم نقطية بدل فقرات طويلة
5️⃣ حفظ نسخة PDF
🚀 النتيجة؟ ملف رسمي ومرتب.
📚 تبغى كل الأسرار خطوة بخطوة؟
أكتب كلمة ""وورد"" بالكومنت وأرسل لك الرابط 💌",نص متحرك + موسيقى ترند + خلفية بسيطة (ألوان متناسقة)
الأسبوع 1 - اليوم 1,فيديو,إذا شريحتك مملة… هذي الحيلة تبهر جمهورك 👇,"العرض التقديمي الناجح مو نصوص كثير… السر في التصميم ✨
1️⃣ فكرة واحدة بكل شريحة
2️⃣ 3 ألوان متناسقة
3️⃣ أيقونات بدل النصوص الطويلة
4️⃣ صور واضحة تدعم الفكرة
5️⃣ نفس الخطوط بكل الشرائح
🚀 كذا تبهر جمهورك من أول شريحة.
📘 تبغى الدليل الكامل؟
أكتب كلمة ""باوربوينت"" بالكومنت وأرسل لك الرابط 💌",نص متحرك + موسيقى ترند + خلفية بسيطة (ألوان متناسقة)
الأسبوع 1 - اليوم 1,كاروسيل,إذا تبغى الزبدة بسرعة… شوف الكاروسيل 👇,"📊 الكاروسيل = أسرع طريقة تتعلم خطوة بخطوة.
✨ هذا البوست يلخص أهم النقاط بطريقة واضحة وسهلة.
🚀 احفظ البوست وارجع له وقت الحاجة.
📚 تبغى الدليل الكامل؟ الرابط بالبايو.",شرائح 5-7 صور بتصميم موحد + أيقونات + ألوان العلامة
الأسبوع 1 - اليوم 1,ستوري,إذا ودك تعرف السر… شوف الستوري 👇,"📲 الستوري مو بس صور… هو تذكير يومي إنك تبدأ اليوم.
✨ بنشاركك استطلاعات، أسئلة، ونصائح سريعة.
🚀 جاوب وتفاعل عشان الخوارزمية تدفع محتوى أكثر لك.
📚 لا تنسى تدخل البايو وتاخذ نسختك.",صورة/لقطة شاشة من الكتاب + سؤال تفاعلي/استطلاع
